name,email,phone,url,date
House Of White Bee Hoon Pte. Ltd.,marketing@houseofseafood.com.sg,,https://sg.joblum.com/job/restaurant-manager/3408989,2024-04-17
House Of White Bee Hoon Pte. Ltd.,,,https://sg.joblum.com/job/restaurant-supervisor/3408988,2024-04-17
OneLink HR Consultancy Pte Ltd,tateam@onelinkhr.com,,https://sg.joblum.com/job/radiographer-cxr-and-apical-views-only/3399368,2024-04-17
Encasa Asia Pte Ltd,,,https://sg.joblum.com/job/quantity-surveyor-amk/3388531,2024-04-17
Singo Services Pte Ltd,,65 9083 2391,https://sg.joblum.com/job/plate-collector/3384204,2024-04-17
Gobi,,,https://sg.joblum.com/job/cake-sales-admin-executive/2770043,2024-04-17
Prestige Partners,recruit.ppsg@gmail.com,,https://sg.joblum.com/job/business-development-executive-role/3347731,2024-04-17
Delian Pte. Ltd.,,,https://sg.joblum.com/job/driver-chauffeur/3339254,2024-04-17
BreadTalk Pte Ltd,,,https://sg.joblum.com/job/full-time-service-crew/3412675,2024-04-17
Super Bean International Pte Ltd,,,https://sg.joblum.com/job/sales-and-new-business-manager/3412674,2024-04-17
Infineon Technologies,,,https://sg.joblum.com/job/internship-digitalization-ai-project-for/3412673,2024-04-17
Manpower Staffing Services (S) Pte Ltd - Head Office,,,https://sg.joblum.com/job/accounts-executive-full-sets-sap-4200/3412672,2024-04-17
Hudson Global Resources ( HQ ),,,https://sg.joblum.com/job/sap-integration-and-operations-lead/3412671,2024-04-17
Dynamic Human Capital Pte Ltd,,,https://sg.joblum.com/job/accounts-executive/3412670,2024-04-17
Recruit now Singapore pte ltd,,,https://sg.joblum.com/job/finance-manager/3412669,2024-04-17
Inter Island Manpower Pte Ltd,,,https://sg.joblum.com/job/service-attendant-michelin-star-ambassador/3412668,2024-04-17
LC&T BUILDER (1971) PTE. LTD.,,,https://sg.joblum.com/job/m-e-coordinator/3412666,2024-04-17
Baker Tilly Singapore,,,https://sg.joblum.com/job/administrative-executive/3412664,2024-04-17
MTC Consulting Pte. Ltd.,,65 9821 2355,https://sg.joblum.com/job/purchaser-buyer-electronics-component/3412662,2024-04-17
Sanmina-SCI Systems Singapore Pte Ltd,,,https://sg.joblum.com/job/industrial-nurse/3412661,2024-04-17
The Supreme HR Advisory Pte. Ltd.,,,https://sg.joblum.com/job/electrical-engineer-generator-switchgear/3412660,2024-04-17
MTC Consulting Pte. Ltd.,,,https://sg.joblum.com/job/design-coordination-engineer/3412659,2024-04-17
Peoplebank Singapore Pte Ltd,,,https://sg.joblum.com/job/personal-assistant-executive/3412656,2024-04-17
Talent Trader Group Pte Ltd,,,https://sg.joblum.com/job/senior-accounts-executive-full-sets-urgent/3412655,2024-04-17
Good Job Creations (Singapore) Pte Ltd,,,https://sg.joblum.com/job/accountant-full-set-start-up-aws-vb/3412654,2024-04-17
Job-Skills Integrator - Precision Engineering (JSIT-PE),,,https://sg.joblum.com/job/cnc-manufacturing-engineer/3412652,2024-04-17
RecruitFirst Pte. Ltd,fionaxh.leow@recruitfirst.co,,https://sg.joblum.com/job/people-operations-executive-contract-up-to/3412649,2024-04-17
RecruitFirst Pte. Ltd,,,https://sg.joblum.com/job/human-resource-operations-executive-up-to-3600/3412647,2024-04-17
JTE Recruit Pte Ltd,,,https://sg.joblum.com/job/technician/3412645,2024-04-17
Holiday Inn Singapore Atrium,,,https://sg.joblum.com/job/director-of-engineering/3412641,2024-04-17
TVE Global Asia Pacific Pte. Ltd.,,,https://sg.joblum.com/job/technician-cum-driver-valves/3412640,2024-04-17
Hays Specialist Recruitment Pte Ltd,,,https://sg.joblum.com/job/data-governance-manager/3412639,2024-04-17
Base Camp Recruitment Pte. Ltd.,,,https://sg.joblum.com/job/embedded-hardware-engineer/3412638,2024-04-17
SHOPEE SINGAPORE PRIVATE LIMITED,,,https://sg.joblum.com/job/hr-project-management-specialist-seamoney/3412635,2024-04-17
Search Index Pte Ltd,,,https://sg.joblum.com/job/temp-or-perm-sales-associates-luxury-branded/3412634,2024-04-17
RGF Talent Solutions Singapore Pte Ltd,,,https://sg.joblum.com/job/human-resource-business-partner-talent/3412633,2024-04-17
PMG Asia Pacific Pte Ltd,,,https://sg.joblum.com/job/accountant/3412632,2024-04-17
YJP Surveyors Pte. Ltd.,,,https://sg.joblum.com/job/draftsperson-land-survey-cad-drafter/3412630,2024-04-17
Tan Tock Seng Hospital,,,https://sg.joblum.com/job/sr-executive-asst-mgr-mgr-service-planning/3412629,2024-04-17
Reeracoen Singapore Pte Ltd,,,https://sg.joblum.com/job/administrative-executive/3412625,2024-04-17
PERSOLKELLY Singapore Pte Ltd (Formerly Kelly Services Singapore Pte Ltd),,,https://sg.joblum.com/job/senior-associate-changi-5-days-facility/3412623,2024-04-17
Learning Kidz Educare Pte. Ltd.,cecilia@learningkidz.com.sg,,https://sg.joblum.com/job/childcare-teachers-both-language-near-tampines/3412622,2024-04-17
EA RECRUITMENT PTE LTD,,,https://sg.joblum.com/job/assistant-contract-manager-or-senior-qs/3412616,2024-04-17
Robert Half International Pte Ltd,,,https://sg.joblum.com/job/full-stack-engineer-cloud/3412614,2024-04-17
National Healthcare Group Corporate Office (HQ),,,https://sg.joblum.com/job/executive-strategic-workforce-planning-group-hr/3412613,2024-04-17
Prosegur Singapore Pte Ltd,,,https://sg.joblum.com/job/aspac-threat-intelligence-analyst/3412611,2024-04-17
ALL ABOUT MASSAGE PTE. LTD,,,https://sg.joblum.com/job/spa-sales-consultant-spa-massage-facial/3412607,2024-04-17
Adecco Personnel Pte Ltd.,,,https://sg.joblum.com/job/retail-operations-executive-tech-retail/3412605,2024-04-17
Aibel Pte Ltd,,,https://sg.joblum.com/job/lead-mechanical-engineer-rotating/3412604,2024-04-17
PERSOLKELLY Singapore Pte Ltd (Formerly Kelly Services Singapore Pte Ltd),felicia.lim@persolkelly.com,,https://sg.joblum.com/job/hr-executive-12-months-3800-serangoon/3412601,2024-04-17
REC Solar Pte Ltd,,,https://sg.joblum.com/job/planning-engineer/3412600,2024-04-17
People Profilers Pte Ltd,,,https://sg.joblum.com/job/business-development-manager-us-europe-market/3412599,2024-04-17
NTUC Health Co-operative Ltd,,,https://sg.joblum.com/job/assistant-centre-supervisor-centre-supervisor/3412597,2024-04-17
REAL TIME FORWARDING PTE. LTD.,,,https://sg.joblum.com/job/sales-executive-freight-forwarding/3412593,2024-04-17
YSE Global Pte Ltd,,,https://sg.joblum.com/job/building-technical-officer/3412592,2024-04-17
TRUST RECRUIT PTE. LTD.,,,https://sg.joblum.com/job/service-engineer-north-vacuum-pump/3412591,2024-04-17
Far East Organization,,,https://sg.joblum.com/job/retail-leasing-executive-entry-level/3412589,2024-04-17
Carlsberg Singapore Pte Ltd,,,https://sg.joblum.com/job/administrator-human-resource/3412587,2024-04-17
Dragages Singapore Pte Ltd,,,https://sg.joblum.com/job/tea-lady-office-assistant/3412586,2024-04-17
Ambition Group Singapore Pte. Ltd. (SG),Joseph.Cho@ambition.com.sg,,https://sg.joblum.com/job/production-manager-chemical-tuas/3412580,2024-04-17
Olam International Ltd,,,https://sg.joblum.com/job/food-technologist/3412579,2024-04-17
HR Focus,,,https://sg.joblum.com/job/event-coordinator/3412578,2024-04-17
The Coffee Bean & Tea Leaf (S) Pte Ltd,,,https://sg.joblum.com/job/project-executive/3412577,2024-04-17
JAC Recruitment Pte. Ltd.,kherxin.tan@jac-recruitment.com,,https://sg.joblum.com/job/finance-analyst-west-up-to-5000-bonuses/3412571,2024-04-17
Ambition Group Singapore Pte. Ltd. (SG),,,https://sg.joblum.com/job/new-3-months-compliance-control-analyst/3412569,2024-04-17
MCI Career Services Pte Ltd,,,https://sg.joblum.com/job/assistant-care-coordinator-healthcare-aws/3412566,2024-04-17
SINGAPORE CHANGI TECHNOLOGY PTE. LTD.,,,https://sg.joblum.com/job/product-engineer/3412564,2024-04-17
Food From The Heart,hr@foodheart.org,,https://sg.joblum.com/job/manager-fundraising-and-donor-management/3412562,2024-04-17
ACExcellent Consulting Pte Ltd,,,https://sg.joblum.com/job/fire-protection-engineer-facilities/3412559,2024-04-17
ARGO PROJECTS PTE. LTD.,,,https://sg.joblum.com/job/full-time-combat-sports-coach/3412556,2024-04-17
China Jingye Engineering Corporation Limited (Singapore Branch),,,https://sg.joblum.com/job/qs-mep/3412555,2024-04-17
K Hotel International Pte. Ltd.,,,https://sg.joblum.com/job/reservation-agent-executive/3412554,2024-04-17
Success Human Resource Centre Pte Ltd,tracy@successhrc.com.sg,,https://sg.joblum.com/job/customer-experience-and-operations-executive/3412553,2024-04-17
Forte Employment Services Pte Ltd,,,https://sg.joblum.com/job/roadshow-bank-executive-banking-gross-6000/3412552,2024-04-17
Align Recruitment Pte Ltd,,6598955132,https://sg.joblum.com/job/assistant-accountant-consolidation-audit-kallang/3412551,2024-04-17
Chong Aik International Pte Ltd,,,https://sg.joblum.com/job/accounts-assistant/3412548,2024-04-17
Chye Thiam Maintenance Pte Ltd,,,https://sg.joblum.com/job/procurement-officer-needed-at-tampines-5-days/3412546,2024-04-17
Phillip Securities Pte Ltd,,,https://sg.joblum.com/job/equities-dealer/3412543,2024-04-17
Princeton Digital Group (Singapore) SG1 Pte Ltd,,,https://sg.joblum.com/job/facilities-engineer-rotating-shift/3412542,2024-04-17
Incorporated Builders Pte Ltd,,,https://sg.joblum.com/job/project-manager-assistant-project-manager/3412541,2024-04-17
Alphasearch Pte Ltd,,,https://sg.joblum.com/job/finance-manager/3412540,2024-04-17
MEDs Technologies Pte Ltd,,,https://sg.joblum.com/job/finance-manager-meds-interconnect/3412539,2024-04-17
OOCL (Singapore) Pte. Ltd.,,,https://sg.joblum.com/job/equipment-control-operation-executive/3412538,2024-04-17
NTUC FIRST CAMPUS LIMITED,,,https://sg.joblum.com/job/preschool-teacher-english-language-little/3412536,2024-04-17
Sumitomo Chemical Asia Pte Ltd,,,https://sg.joblum.com/job/senior-engineer-technical-coordination/3412534,2024-04-17
KK Women's & Children's Hospital,,,https://sg.joblum.com/job/patient-service-associate-uogc/3412533,2024-04-17
Lidl & Kaufland Asia Pte. Limited,,,https://sg.joblum.com/job/assistant-analytics-specialist/3412529,2024-04-17
Michael Page International Pte Limited (DXC TECHNOLOGY SINGAPORE PTE. LTD),,,https://sg.joblum.com/job/ui-ux-designer/3412528,2024-04-17
Singapore University of Social Sciences,,,https://sg.joblum.com/job/executive-student-services-1-year-contract/3412527,2024-04-17
Unlisted Collection,,,https://sg.joblum.com/job/demi-chef-chef-de-partie-esquina/3412525,2024-04-17
Simon Consultancy Pte Ltd,,,https://sg.joblum.com/job/management-trainee-retail-operations/3412524,2024-04-17
Food From The Heart,hr@foodheart.orgor,,https://sg.joblum.com/job/delivery-driver-logistic-assistant/3412523,2024-04-17
Asia Properties & Assets Consultancy Pte Ltd,,,https://sg.joblum.com/job/property-admin-assistant-islandwide/3412522,2024-04-17
Right Recruit Pte. Ltd.,,,https://sg.joblum.com/job/senior-finance-manager/3412521,2024-04-17
CRYSTAL JADE CULINARY CONCEPTS HOLDING,,,https://sg.joblum.com/job/maintenance-officer/3412518,2024-04-17
Elitez Pte Ltd,,,https://sg.joblum.com/job/sales-manager-head-of-sales-freight-forwarding/3412517,2024-04-17
Huawei International Pte. Ltd.,,,https://sg.joblum.com/job/enterprise-service-manager-fr/3412516,2024-04-17
ZH BUILDERS PTE. LTD.,,,https://sg.joblum.com/job/administrative-executive/3412515,2024-04-17
GMP Group HQ,,,https://sg.joblum.com/job/12-month-contract-accounts-payable-assistant/3412514,2024-04-17
Singapore Health Services Pte Ltd (SingHealth HQ),,,https://sg.joblum.com/job/manager-call-centre-shared-service/3412513,2024-04-17
